user_id,product_id,timestamp
44,37,2025-10-07 22:26:16.146513
49,38,2025-10-07 22:50:18.146513
24,10,2025-10-08 01:59:46.146513
26,20,2025-10-08 06:30:57.146513
37,7,2025-10-08 06:57:00.146513
44,36,2025-10-08 11:49:53.146513
16,16,2025-10-08 12:55:10.146513
42,47,2025-10-08 14:43:51.146513
49,17,2025-10-08 15:48:25.146513
1,92,2025-10-08 17:06:00.146513
39,70,2025-10-08 19:44:59.146513
28,70,2025-10-08 21:47:06.146513
19,17,2025-10-08 23:26:10.146513
18,77,2025-10-09 04:46:33.146513
37,64,2025-10-09 09:02:01.146513
23,58,2025-10-09 12:52:59.146513
44,9,2025-10-09 13:18:53.146513
7,14,2025-10-09 14:38:14.146513
39,46,2025-10-10 00:35:24.146513
35,20,2025-10-10 02:55:55.146513
37,87,2025-10-10 03:50:26.146513
37,69,2025-10-10 06:35:10.146513
2,28,2025-10-10 09:00:51.146513
45,47,2025-10-10 09:35:07.146513
38,6,2025-10-10 14:50:01.146513
31,4,2025-10-10 18:57:07.146513
34,39,2025-10-10 19:44:43.146513
30,78,2025-10-10 20:59:33.146513
23,88,2025-10-10 22:17:34.146513
48,61,2025-10-10 23:01:51.146513
34,41,2025-10-11 00:07:08.146513
3,25,2025-10-11 06:19:53.146513
39,8,2025-10-11 06:59:55.146513
12,80,2025-10-11 07:32:37.146513
46,9,2025-10-11 12:55:09.146513
4,16,2025-10-11 14:33:59.146513
29,51,2025-10-11 14:44:14.146513
28,92,2025-10-11 15:02:36.146513
36,30,2025-10-11 15:53:41.146513
43,1,2025-10-11 17:01:21.146513
12,1,2025-10-11 18:53:26.146513
11,41,2025-10-11 20:15:59.146513
40,38,2025-10-11 20:54:37.146513
8,100,2025-10-11 21:46:24.146513
19,99,2025-10-11 21:52:10.146513
19,81,2025-10-11 23:18:56.146513
6,76,2025-10-12 00:56:00.146513
35,62,2025-10-12 01:17:22.146513
14,78,2025-10-12 04:31:32.146513
10,34,2025-10-12 06:08:14.146513
13,71,2025-10-12 08:09:05.146513
17,34,2025-10-12 08:13:35.146513
27,33,2025-10-12 09:27:48.146513
4,51,2025-10-12 12:28:12.146513
11,63,2025-10-13 01:19:02.146513
46,48,2025-10-13 04:59:47.146513
40,35,2025-10-13 06:12:42.146513
26,96,2025-10-13 06:14:39.146513
3,84,2025-10-13 07:08:27.146513
31,58,2025-10-13 09:23:17.146513
18,25,2025-10-13 10:20:48.146513
1,64,2025-10-13 14:14:37.146513
10,76,2025-10-13 19:36:23.146513
25,9,2025-10-13 19:42:13.146513
45,67,2025-10-13 20:08:10.146513
31,8,2025-10-14 00:15:39.146513
50,65,2025-10-14 00:49:26.146513
14,32,2025-10-14 00:57:03.146513
47,30,2025-10-14 05:04:06.146513
18,65,2025-10-14 06:14:07.146513
4,94,2025-10-14 06:20:11.146513
25,70,2025-10-14 07:29:12.146513
12,36,2025-10-14 08:08:17.146513
16,13,2025-10-14 10:04:23.146513
15,85,2025-10-14 12:23:35.146513
50,46,2025-10-14 14:38:45.146513
39,31,2025-10-14 15:58:41.146513
12,48,2025-10-14 17:45:21.146513
47,85,2025-10-14 20:06:56.146513
49,3,2025-10-14 20:48:39.146513
27,64,2025-10-14 23:36:54.146513
11,98,2025-10-15 02:05:58.146513
16,48,2025-10-15 02:12:34.146513
28,78,2025-10-15 07:20:37.146513
2,76,2025-10-15 09:13:18.146513
50,66,2025-10-15 11:18:29.146513
2,11,2025-10-15 12:39:12.146513
13,79,2025-10-15 14:10:06.146513
36,65,2025-10-15 15:24:57.146513
45,10,2025-10-15 15:49:33.146513
41,50,2025-10-15 19:15:44.146513
32,35,2025-10-15 19:21:49.146513
31,65,2025-10-16 08:27:35.146513
21,67,2025-10-16 09:00:43.146513
4,16,2025-10-16 11:36:22.146513
37,93,2025-10-16 12:43:02.146513
20,30,2025-10-16 16:03:57.146513
4,26,2025-10-16 17:38:38.146513
38,34,2025-10-16 21:35:33.146513
6,88,2025-10-17 00:51:49.146513
37,80,2025-10-17 01:55:12.146513
12,57,2025-10-17 05:10:55.146513
2,100,2025-10-17 06:01:02.146513
17,29,2025-10-17 12:14:43.146513
16,95,2025-10-17 12:26:14.146513
8,97,2025-10-17 13:20:28.146513
22,65,2025-10-17 13:42:05.146513
40,100,2025-10-17 16:28:14.146513
12,78,2025-10-17 20:18:59.146513
49,91,2025-10-17 21:49:22.146513
15,19,2025-10-17 21:54:26.146513
30,8,2025-10-17 23:53:01.146513
42,35,2025-10-18 01:41:43.146513
34,98,2025-10-18 03:09:14.146513
16,12,2025-10-18 06:38:37.146513
26,72,2025-10-18 10:40:28.146513
7,46,2025-10-18 11:32:33.146513
13,88,2025-10-18 11:59:53.146513
3,51,2025-10-18 12:14:24.146513
46,52,2025-10-18 12:21:16.146513
29,5,2025-10-18 12:57:31.146513
38,41,2025-10-18 13:50:30.146513
21,74,2025-10-18 15:12:02.146513
21,89,2025-10-18 16:08:04.146513
48,97,2025-10-18 19:17:34.146513
38,72,2025-10-18 21:26:22.146513
48,59,2025-10-19 00:24:31.146513
48,13,2025-10-19 03:18:14.146513
13,84,2025-10-19 03:30:20.146513
33,20,2025-10-19 04:22:16.146513
41,38,2025-10-19 05:36:04.146513
17,78,2025-10-19 06:32:48.146513
2,30,2025-10-19 11:50:12.146513
19,11,2025-10-19 11:51:41.146513
12,59,2025-10-19 13:19:10.146513
30,14,2025-10-19 13:30:26.146513
47,86,2025-10-19 13:58:08.146513
49,17,2025-10-19 14:13:12.146513
27,47,2025-10-19 22:34:41.146513
31,44,2025-10-20 00:54:17.146513
27,18,2025-10-20 02:17:33.146513
32,82,2025-10-20 04:02:26.146513
9,58,2025-10-20 04:42:42.146513
24,66,2025-10-20 08:34:28.146513
14,91,2025-10-20 09:21:49.146513
50,61,2025-10-20 09:54:13.146513
39,6,2025-10-20 10:14:42.146513
26,94,2025-10-20 10:34:41.146513
40,26,2025-10-20 13:23:54.146513
12,19,2025-10-20 14:14:08.146513
34,82,2025-10-20 21:08:30.146513
11,81,2025-10-20 21:31:04.146513
4,40,2025-10-21 00:18:45.146513
8,48,2025-10-21 06:31:38.146513
35,83,2025-10-21 06:42:39.146513
4,66,2025-10-21 07:38:37.146513
30,92,2025-10-21 08:25:56.146513
32,29,2025-10-21 08:55:52.146513
22,63,2025-10-21 11:33:11.146513
25,80,2025-10-21 13:47:19.146513
20,87,2025-10-21 20:59:43.146513
37,30,2025-10-21 22:12:16.146513
47,98,2025-10-21 22:18:10.146513
27,84,2025-10-21 22:39:25.146513
30,48,2025-10-22 06:35:43.146513
43,34,2025-10-22 07:49:09.146513
23,82,2025-10-22 12:32:52.146513
25,91,2025-10-22 16:14:02.146513
44,25,2025-10-22 16:59:39.146513
4,30,2025-10-22 20:01:20.146513
47,41,2025-10-22 21:30:49.146513
40,92,2025-10-22 21:43:52.146513
38,44,2025-10-22 22:08:00.146513
21,4,2025-10-23 01:20:35.146513
35,24,2025-10-23 05:07:33.146513
6,39,2025-10-23 10:12:11.146513
41,35,2025-10-23 15:51:47.146513
43,56,2025-10-23 16:18:53.146513
37,65,2025-10-23 17:50:50.146513
16,72,2025-10-23 19:05:51.146513
16,38,2025-10-23 22:27:36.146513
26,78,2025-10-23 22:30:45.146513
49,43,2025-10-24 00:17:41.146513
35,12,2025-10-24 07:05:16.146513
8,9,2025-10-24 11:43:38.146513
4,21,2025-10-24 12:19:12.146513
27,27,2025-10-24 17:51:28.146513
41,50,2025-10-24 22:42:56.146513
43,60,2025-10-25 04:50:40.146513
21,21,2025-10-25 05:09:28.146513
44,96,2025-10-25 05:37:22.146513
44,39,2025-10-25 05:52:26.146513
13,85,2025-10-25 08:57:18.146513
37,65,2025-10-25 14:57:59.146513
20,41,2025-10-25 18:17:41.146513
46,30,2025-10-26 01:32:41.146513
34,97,2025-10-26 04:58:34.146513
39,95,2025-10-26 07:30:53.146513
9,96,2025-10-26 10:49:05.146513
32,28,2025-10-26 10:53:48.146513
29,14,2025-10-26 11:18:47.146513
21,22,2025-10-26 12:28:27.146513
49,81,2025-10-26 13:25:52.146513
33,8,2025-10-26 16:44:53.146513
4,6,2025-10-26 17:21:49.146513
35,15,2025-10-26 20:57:44.146513
20,88,2025-10-26 23:33:06.146513
19,10,2025-10-27 00:07:57.146513
12,49,2025-10-27 00:20:04.146513
12,17,2025-10-27 04:59:23.146513
24,58,2025-10-27 10:20:31.146513
3,36,2025-10-27 10:21:19.146513
21,3,2025-10-27 10:52:59.146513
49,56,2025-10-27 11:37:25.146513
20,6,2025-10-27 13:12:24.146513
18,11,2025-10-27 17:09:58.146513
25,100,2025-10-27 20:24:20.146513
11,39,2025-10-27 21:24:23.146513
35,13,2025-10-27 22:31:57.146513
43,43,2025-10-27 22:51:28.146513
11,41,2025-10-28 00:21:07.146513
18,58,2025-10-28 01:11:46.146513
49,61,2025-10-28 02:23:36.146513
12,83,2025-10-28 04:52:10.146513
14,92,2025-10-28 07:02:15.146513
4,27,2025-10-28 09:57:54.146513
39,13,2025-10-28 11:54:07.146513
5,69,2025-10-28 13:52:26.146513
3,93,2025-10-28 13:54:26.146513
45,72,2025-10-28 14:32:46.146513
40,15,2025-10-28 16:45:29.146513
30,68,2025-10-28 18:02:36.146513
11,7,2025-10-28 23:13:35.146513
49,100,2025-10-28 23:27:06.146513
32,69,2025-10-29 00:12:40.146513
50,14,2025-10-29 01:03:20.146513
34,65,2025-10-29 04:45:53.146513
38,1,2025-10-29 08:08:08.146513
34,62,2025-10-29 08:53:27.146513
39,96,2025-10-29 09:38:59.146513
12,81,2025-10-29 10:15:26.146513
49,76,2025-10-29 10:30:58.146513
35,52,2025-10-29 11:25:41.146513
25,58,2025-10-29 14:57:19.146513
24,41,2025-10-29 15:52:09.146513
50,80,2025-10-29 15:58:02.146513
34,37,2025-10-29 17:45:29.146513
39,51,2025-10-29 19:03:28.146513
39,11,2025-10-29 21:07:44.146513
19,55,2025-10-29 22:55:11.146513
36,82,2025-10-29 23:46:13.146513
46,6,2025-10-30 00:14:39.146513
40,2,2025-10-30 02:15:26.146513
11,31,2025-10-30 07:43:02.146513
33,81,2025-10-30 12:01:39.146513
9,98,2025-10-30 13:39:21.146513
37,45,2025-10-30 15:04:46.146513
32,75,2025-10-30 18:49:35.146513
36,83,2025-10-30 18:54:17.146513
46,39,2025-10-30 21:54:36.146513
24,90,2025-10-30 22:02:13.146513
36,69,2025-10-30 22:44:17.146513
32,20,2025-10-31 00:08:43.146513
2,2,2025-10-31 01:17:32.146513
47,11,2025-10-31 03:29:24.146513
7,72,2025-10-31 05:10:49.146513
40,9,2025-10-31 07:43:32.146513
28,24,2025-10-31 07:48:07.146513
42,64,2025-10-31 08:00:23.146513
15,77,2025-10-31 10:37:52.146513
33,14,2025-10-31 11:41:51.146513
22,29,2025-10-31 11:51:45.146513
26,53,2025-10-31 17:38:57.146513
33,72,2025-10-31 17:47:20.146513
44,60,2025-10-31 19:41:41.146513
39,70,2025-10-31 22:48:38.146513
9,49,2025-11-01 00:34:42.146513
2,98,2025-11-01 01:15:03.146513
48,46,2025-11-01 02:19:29.146513
43,79,2025-11-01 04:36:54.146513
30,91,2025-11-01 07:51:25.146513
23,90,2025-11-01 09:53:20.146513
15,37,2025-11-01 12:49:16.146513
5,64,2025-11-01 14:56:11.146513
7,1,2025-11-01 15:45:55.146513
13,26,2025-11-01 16:09:41.146513
21,53,2025-11-01 16:35:18.146513
20,40,2025-11-01 22:46:29.146513
25,94,2025-11-02 00:40:40.146513
38,17,2025-11-02 01:02:11.146513
5,52,2025-11-02 02:44:24.146513
6,71,2025-11-02 12:15:54.146513
16,49,2025-11-02 12:48:25.146513
40,83,2025-11-02 13:17:14.146513
1,91,2025-11-02 21:49:55.146513
20,52,2025-11-03 00:08:29.146513
10,6,2025-11-03 04:08:33.146513
6,80,2025-11-03 05:31:54.146513
31,30,2025-11-03 09:16:34.146513
30,3,2025-11-03 18:43:30.146513
45,37,2025-11-03 19:50:12.146513
11,44,2025-11-04 00:11:27.146513
35,9,2025-11-04 03:07:35.146513
2,72,2025-11-04 03:16:19.146513
41,46,2025-11-04 05:14:08.146513
49,29,2025-11-04 05:35:58.146513
5,45,2025-11-04 06:37:43.146513
9,42,2025-11-04 10:48:58.146513
21,92,2025-11-04 12:34:12.146513
40,25,2025-11-04 14:28:24.146513
30,55,2025-11-04 15:03:38.146513
19,17,2025-11-04 17:24:35.146513
4,15,2025-11-04 22:42:59.146513
8,13,2025-11-04 23:16:35.146513
31,24,2025-11-05 03:55:51.146513
18,59,2025-11-05 05:20:52.146513
42,75,2025-11-05 05:22:09.146513
29,88,2025-11-05 07:16:33.146513
39,14,2025-11-05 07:23:57.146513
17,65,2025-11-05 08:11:31.146513
36,10,2025-11-05 08:37:58.146513
18,63,2025-11-05 14:05:30.146513
4,96,2025-11-05 15:31:43.146513
36,20,2025-11-05 15:39:03.146513
14,81,2025-11-05 18:05:12.146513
12,24,2025-11-06 02:40:35.146513
5,25,2025-11-06 06:26:37.146513
41,12,2025-11-06 06:35:37.146513
7,95,2025-11-06 08:01:10.146513
26,36,2025-11-06 09:00:56.146513
40,74,2025-11-06 09:36:20.146513
10,8,2025-11-06 14:02:03.146513
13,83,2025-11-06 17:13:05.146513
1,35,2025-11-06 17:44:59.146513
8,48,2025-11-06 17:59:52.146513
44,28,2025-11-06 22:14:14.146513
28,61,2025-11-07 04:03:56.146513
28,49,2025-11-07 04:11:05.146513
2,65,2025-11-07 05:57:15.146513
29,61,2025-11-07 09:23:09.146513
45,61,2025-11-07 10:39:00.146513
6,64,2025-11-07 13:32:02.146513
25,7,2025-11-07 13:40:27.146513
31,46,2025-11-07 13:40:37.146513
33,21,2025-11-07 14:57:07.146513
36,85,2025-11-07 15:16:23.146513
19,60,2025-11-07 18:03:22.146513
44,77,2025-11-07 19:31:02.146513
13,73,2025-11-07 21:22:25.146513
37,2,2025-11-07 22:42:43.146513
18,28,2025-11-07 23:13:01.146513
2,73,2025-11-07 23:50:58.146513
3,30,2025-11-08 02:22:23.146513
6,72,2025-11-08 15:33:25.146513
4,14,2025-11-08 16:12:07.146513
38,36,2025-11-08 21:01:49.146513
23,75,2025-11-08 23:42:32.146513
24,43,2025-11-09 00:41:20.146513
28,26,2025-11-09 00:48:48.146513
31,100,2025-11-09 10:47:59.146513
47,62,2025-11-09 11:34:00.146513
2,41,2025-11-09 11:47:24.146513
19,96,2025-11-09 12:37:04.146513
50,43,2025-11-09 15:59:09.146513
27,63,2025-11-09 17:24:15.146513
35,37,2025-11-09 23:41:49.146513
45,35,2025-11-10 00:13:55.146513
39,87,2025-11-10 01:04:35.146513
4,79,2025-11-10 02:38:52.146513
7,78,2025-11-10 05:19:37.146513
33,15,2025-11-10 05:29:26.146513
45,94,2025-11-10 11:02:03.146513
12,37,2025-11-10 11:59:25.146513
47,52,2025-11-10 12:12:27.146513
13,90,2025-11-10 18:08:30.146513
4,75,2025-11-10 23:11:00.146513
12,53,2025-11-11 00:45:53.146513
15,92,2025-11-11 01:49:04.146513
18,33,2025-11-11 07:11:35.146513
24,10,2025-11-11 07:40:24.146513
18,22,2025-11-11 10:47:24.146513
14,65,2025-11-11 12:27:34.146513
28,87,2025-11-11 21:09:04.146513
41,11,2025-11-11 21:46:40.146513
38,21,2025-11-12 00:42:33.146513
29,58,2025-11-12 08:13:32.146513
22,23,2025-11-12 11:05:02.146513
35,51,2025-11-12 12:28:05.146513
21,76,2025-11-12 13:20:32.146513
43,82,2025-11-12 13:36:46.146513
22,87,2025-11-12 14:27:17.146513
8,42,2025-11-12 18:26:27.146513
17,36,2025-11-12 18:28:39.146513
45,64,2025-11-12 20:01:01.146513
38,55,2025-11-13 02:04:31.146513
5,55,2025-11-13 02:59:02.146513
10,52,2025-11-13 03:53:19.146513
31,51,2025-11-13 05:10:59.146513
11,8,2025-11-13 08:15:48.146513
17,91,2025-11-13 08:23:12.146513
33,11,2025-11-13 15:35:59.146513
17,93,2025-11-13 18:18:50.146513
48,83,2025-11-13 18:31:24.146513
14,22,2025-11-13 19:25:49.146513
28,24,2025-11-13 23:20:58.146513
15,82,2025-11-14 02:07:45.146513
33,72,2025-11-14 02:39:32.146513
45,85,2025-11-14 07:21:47.146513
17,79,2025-11-14 08:57:10.146513
34,28,2025-11-14 11:51:20.146513
14,56,2025-11-14 12:19:27.146513
16,81,2025-11-14 13:17:40.146513
41,97,2025-11-14 18:15:59.146513
38,22,2025-11-15 00:24:49.146513
19,74,2025-11-15 03:36:27.146513
29,70,2025-11-15 07:58:58.146513
42,86,2025-11-15 09:30:15.146513
34,24,2025-11-15 11:13:45.146513
49,39,2025-11-15 13:16:46.146513
26,55,2025-11-15 13:31:09.146513
3,78,2025-11-15 13:42:26.146513
43,42,2025-11-15 16:47:50.146513
13,36,2025-11-15 17:01:42.146513
48,83,2025-11-15 20:33:31.146513
32,61,2025-11-15 23:38:05.146513
31,23,2025-11-15 23:48:32.146513
39,56,2025-11-16 01:26:14.146513
9,37,2025-11-16 04:22:09.146513
21,16,2025-11-16 04:40:13.146513
39,39,2025-11-16 06:16:29.146513
7,69,2025-11-16 07:36:06.146513
4,24,2025-11-16 09:37:47.146513
10,85,2025-11-16 11:36:43.146513
29,84,2025-11-16 12:44:34.146513
8,47,2025-11-16 14:56:05.146513
21,51,2025-11-17 00:27:45.146513
31,8,2025-11-17 01:39:27.146513
11,83,2025-11-17 03:51:15.146513
27,56,2025-11-17 05:57:25.146513
1,96,2025-11-17 06:44:49.146513
40,68,2025-11-17 08:24:42.146513
47,3,2025-11-17 08:53:34.146513
30,12,2025-11-17 09:47:55.146513
41,93,2025-11-17 12:36:49.146513
48,7,2025-11-17 13:00:26.146513
17,62,2025-11-17 14:24:43.146513
31,9,2025-11-17 15:18:57.146513
19,68,2025-11-17 20:16:32.146513
37,8,2025-11-17 22:23:31.146513
40,46,2025-11-17 22:57:47.146513
22,40,2025-11-18 01:07:49.146513
38,68,2025-11-18 01:07:52.146513
37,4,2025-11-18 02:11:55.146513
46,86,2025-11-18 04:36:30.146513
41,6,2025-11-18 04:58:39.146513
39,74,2025-11-18 06:44:32.146513
24,1,2025-11-18 09:13:24.146513
40,54,2025-11-18 13:29:12.146513
43,88,2025-11-18 13:48:37.146513
22,51,2025-11-18 14:16:03.146513
5,58,2025-11-18 14:38:51.146513
50,97,2025-11-18 15:22:07.146513
11,30,2025-11-18 15:27:22.146513
29,58,2025-11-18 17:14:53.146513
49,1,2025-11-18 18:42:08.146513
5,17,2025-11-18 19:53:02.146513
11,46,2025-11-18 22:00:34.146513
3,3,2025-11-19 01:57:53.146513
40,9,2025-11-19 03:43:28.146513
4,49,2025-11-19 07:50:57.146513
33,45,2025-11-19 11:45:16.146513
47,61,2025-11-19 13:39:58.146513
33,95,2025-11-19 16:40:47.146513
45,32,2025-11-19 18:26:16.146513
24,9,2025-11-19 19:02:03.146513
19,98,2025-11-19 19:41:26.146513
22,90,2025-11-19 20:13:24.146513
48,28,2025-11-19 21:15:47.146513
31,81,2025-11-19 22:13:45.146513
27,76,2025-11-19 23:05:58.146513
12,78,2025-11-20 00:13:14.146513
48,65,2025-11-20 01:40:56.146513
16,75,2025-11-20 02:48:03.146513
22,100,2025-11-20 05:21:36.146513
35,46,2025-11-20 06:27:51.146513
50,44,2025-11-20 07:43:21.146513
42,3,2025-11-20 15:35:04.146513
28,45,2025-11-20 16:05:45.146513
43,92,2025-11-20 17:20:30.146513
30,94,2025-11-20 23:56:14.146513
37,13,2025-11-21 03:53:49.146513
46,85,2025-11-21 03:55:33.146513
20,92,2025-11-21 08:53:42.146513
30,75,2025-11-21 08:57:33.146513
7,64,2025-11-21 14:59:17.146513
18,15,2025-11-21 17:24:50.146513
25,5,2025-11-21 20:58:22.146513
9,8,2025-11-21 20:59:20.146513
4,3,2025-11-21 21:35:38.146513
14,30,2025-11-22 03:20:02.146513
24,94,2025-11-22 05:48:33.146513
12,25,2025-11-22 06:37:09.146513
17,60,2025-11-22 07:52:08.146513
33,100,2025-11-22 09:43:51.146513
7,5,2025-11-22 15:48:39.146513
4,36,2025-11-22 16:15:20.146513
27,100,2025-11-22 16:40:54.146513
18,11,2025-11-22 18:32:15.146513
42,73,2025-11-22 18:34:21.146513
15,75,2025-11-22 19:02:13.146513
6,44,2025-11-23 01:40:12.146513
19,78,2025-11-23 03:03:10.146513
23,25,2025-11-23 06:30:33.146513
39,19,2025-11-23 07:43:44.146513
27,40,2025-11-23 08:02:55.146513
15,77,2025-11-23 12:47:02.146513
7,86,2025-11-23 13:31:08.146513
44,32,2025-11-23 15:59:51.146513
16,41,2025-11-23 19:37:35.146513
29,100,2025-11-23 21:03:26.146513
36,60,2025-11-24 01:27:31.146513
46,39,2025-11-24 02:47:24.146513
41,91,2025-11-24 09:20:01.146513
41,28,2025-11-24 10:33:48.146513
10,4,2025-11-24 13:37:14.146513
48,97,2025-11-24 13:53:01.146513
11,19,2025-11-24 21:03:45.146513
45,23,2025-11-25 00:42:56.146513
37,34,2025-11-25 06:07:25.146513
43,91,2025-11-25 06:59:32.146513
11,64,2025-11-25 09:00:11.146513
8,21,2025-11-25 09:01:30.146513
46,32,2025-11-25 09:30:23.146513
5,29,2025-11-25 10:11:09.146513
48,90,2025-11-25 11:08:44.146513
20,4,2025-11-25 11:32:11.146513
50,68,2025-11-25 11:54:37.146513
29,38,2025-11-25 12:16:24.146513
46,82,2025-11-25 15:51:08.146513
27,96,2025-11-25 18:50:44.146513
31,73,2025-11-25 19:24:57.146513
32,56,2025-11-25 22:08:36.146513
18,5,2025-11-26 01:00:47.146513
34,24,2025-11-26 04:53:51.146513
18,72,2025-11-26 10:34:16.146513
9,8,2025-11-26 12:33:20.146513
10,75,2025-11-26 12:38:47.146513
46,26,2025-11-26 15:06:11.146513
7,54,2025-11-26 16:41:29.146513
26,69,2025-11-26 16:57:37.146513
34,60,2025-11-26 18:24:45.146513
46,26,2025-11-26 20:26:34.146513
44,83,2025-11-26 23:20:22.146513
3,60,2025-11-27 01:23:05.146513
45,65,2025-11-27 02:01:56.146513
43,75,2025-11-27 02:40:06.146513
8,13,2025-11-27 03:48:34.146513
8,12,2025-11-27 09:05:41.146513
46,39,2025-11-27 14:52:49.146513
4,19,2025-11-27 23:11:49.146513
11,61,2025-11-27 23:58:21.146513
42,95,2025-11-28 03:40:21.146513
48,62,2025-11-28 04:18:18.146513
34,3,2025-11-28 04:47:08.146513
7,68,2025-11-28 05:29:44.146513
37,53,2025-11-28 10:49:22.146513
37,33,2025-11-28 10:50:08.146513
47,5,2025-11-28 10:55:16.146513
11,22,2025-11-28 10:59:59.146513
16,12,2025-11-28 13:30:51.146513
30,88,2025-11-29 00:50:45.146513
30,20,2025-11-29 04:23:51.146513
14,71,2025-11-29 10:41:59.146513
15,96,2025-11-29 15:16:23.146513
3,82,2025-11-29 19:13:28.146513
9,29,2025-11-29 21:29:02.146513
24,56,2025-11-30 02:36:46.146513
25,27,2025-11-30 03:07:11.146513
23,72,2025-11-30 04:25:16.146513
28,95,2025-11-30 05:36:08.146513
31,39,2025-11-30 06:05:57.146513
40,24,2025-11-30 07:28:41.146513
46,80,2025-11-30 09:11:01.146513
25,43,2025-11-30 14:02:58.146513
41,36,2025-11-30 15:37:47.146513
33,84,2025-11-30 16:02:51.146513
4,67,2025-11-30 19:34:25.146513
33,12,2025-11-30 23:34:50.146513
20,86,2025-11-30 23:59:07.146513
5,49,2025-12-01 00:03:44.146513
47,29,2025-12-01 00:25:58.146513
50,91,2025-12-01 03:03:50.146513
4,21,2025-12-01 04:07:54.146513
2,65,2025-12-01 11:11:35.146513
18,9,2025-12-01 11:12:03.146513
37,27,2025-12-01 11:38:51.146513
24,92,2025-12-01 11:59:15.146513
50,52,2025-12-01 12:37:09.146513
20,4,2025-12-01 14:41:05.146513
48,67,2025-12-01 17:00:33.146513
45,27,2025-12-01 17:34:47.146513
34,44,2025-12-01 17:35:17.146513
34,49,2025-12-01 19:05:31.146513
14,53,2025-12-01 20:47:13.146513
47,59,2025-12-01 21:47:40.146513
20,75,2025-12-01 22:27:25.146513
36,55,2025-12-01 23:42:58.146513
35,61,2025-12-02 01:33:20.146513
7,47,2025-12-02 02:18:03.146513
21,78,2025-12-02 10:02:11.146513
43,30,2025-12-02 10:07:56.146513
40,42,2025-12-02 10:43:31.146513
43,89,2025-12-02 11:55:11.146513
8,11,2025-12-02 12:59:22.146513
42,94,2025-12-02 13:14:51.146513
25,10,2025-12-02 13:20:30.146513
14,24,2025-12-02 17:41:54.146513
48,43,2025-12-02 17:48:24.146513
20,35,2025-12-02 18:02:36.146513
38,72,2025-12-03 00:54:54.146513
6,10,2025-12-03 01:53:30.146513
14,68,2025-12-03 04:33:14.146513
29,27,2025-12-03 05:17:14.146513
17,70,2025-12-03 05:27:01.146513
43,33,2025-12-03 11:08:34.146513
42,14,2025-12-03 13:56:38.146513
8,82,2025-12-03 14:56:28.146513
11,30,2025-12-03 15:07:26.146513
23,81,2025-12-03 16:32:34.146513
30,29,2025-12-03 18:40:16.146513
49,29,2025-12-03 19:38:36.146513
49,32,2025-12-03 21:04:59.146513
1,27,2025-12-04 03:51:25.146513
43,28,2025-12-04 03:51:39.146513
35,3,2025-12-04 04:37:15.146513
10,91,2025-12-04 05:16:05.146513
4,18,2025-12-04 05:43:47.146513
33,37,2025-12-04 11:51:54.146513
4,15,2025-12-04 18:02:34.146513
28,50,2025-12-04 21:48:54.146513
39,74,2025-12-04 21:54:36.146513
9,55,2025-12-05 02:26:32.146513
5,48,2025-12-05 02:45:07.146513
16,60,2025-12-05 03:14:58.146513
4,94,2025-12-05 06:03:53.146513
23,83,2025-12-05 07:27:13.146513
28,97,2025-12-05 07:34:03.146513
17,2,2025-12-05 11:12:06.146513
17,83,2025-12-05 12:20:23.146513
27,89,2025-12-05 13:49:35.146513
39,19,2025-12-05 16:56:05.146513
27,72,2025-12-05 19:49:15.146513
15,35,2025-12-05 22:39:53.146513
11,72,2025-12-06 01:04:05.146513
41,31,2025-12-06 01:21:07.146513
9,3,2025-12-06 01:41:02.146513
30,37,2025-12-06 03:14:10.146513
45,31,2025-12-06 07:08:06.146513
14,83,2025-12-06 09:43:49.146513
35,33,2025-12-06 10:00:35.146513
12,48,2025-12-06 10:10:54.146513
31,69,2025-12-06 11:14:55.146513
27,8,2025-12-06 14:47:12.146513
37,1,2025-12-06 17:12:07.146513
36,34,2025-12-06 17:16:58.146513
19,85,2025-12-06 18:32:38.146513
6,87,2025-12-07 02:09:48.146513
21,100,2025-12-07 02:50:13.146513
13,39,2025-12-07 05:38:48.146513
24,20,2025-12-07 07:22:34.146513
36,30,2025-12-07 08:30:05.146513
23,44,2025-12-07 10:03:52.146513
39,63,2025-12-07 10:21:30.146513
29,48,2025-12-07 14:39:46.146513
7,79,2025-12-07 14:40:30.146513
37,95,2025-12-07 14:41:56.146513
45,55,2025-12-07 17:27:16.146513
20,29,2025-12-07 22:33:54.146513
10,13,2025-12-08 02:50:41.146513
38,53,2025-12-08 02:53:12.146513
40,41,2025-12-08 03:36:50.146513
23,24,2025-12-08 07:57:54.146513
32,7,2025-12-08 11:24:08.146513
50,33,2025-12-08 17:08:06.146513
39,19,2025-12-08 18:45:24.146513
47,100,2025-12-08 21:44:36.146513
10,69,2025-12-09 00:14:46.146513
34,94,2025-12-09 00:55:59.146513
39,74,2025-12-09 00:59:21.146513
4,50,2025-12-09 01:08:57.146513
7,87,2025-12-09 01:36:27.146513
38,59,2025-12-09 02:44:45.146513
23,72,2025-12-09 03:20:18.146513
20,22,2025-12-09 05:44:36.146513
9,13,2025-12-09 10:26:00.146513
30,82,2025-12-09 16:35:27.146513
16,72,2025-12-09 17:48:44.146513
34,79,2025-12-09 23:25:59.146513
12,4,2025-12-10 08:24:12.146513
39,34,2025-12-10 08:38:14.146513
34,53,2025-12-10 10:59:11.146513
18,6,2025-12-10 16:37:31.146513
1,54,2025-12-10 16:56:12.146513
10,6,2025-12-10 17:21:26.146513
42,81,2025-12-10 22:44:27.146513
39,81,2025-12-11 01:56:36.146513
39,76,2025-12-11 04:28:55.146513
20,83,2025-12-11 09:45:59.146513
6,24,2025-12-11 09:56:48.146513
14,74,2025-12-11 10:09:05.146513
10,43,2025-12-11 14:27:49.146513
42,49,2025-12-11 15:51:12.146513
48,43,2025-12-11 17:13:12.146513
11,75,2025-12-11 17:26:32.146513
47,65,2025-12-11 19:48:51.146513
11,25,2025-12-11 20:01:00.146513
48,3,2025-12-11 23:48:04.146513
1,41,2025-12-12 02:11:46.146513
50,44,2025-12-12 03:17:54.146513
42,24,2025-12-12 03:43:13.146513
23,10,2025-12-12 04:24:12.146513
16,92,2025-12-12 05:16:52.146513
1,18,2025-12-12 06:25:32.146513
1,73,2025-12-12 10:34:23.146513
17,31,2025-12-12 11:11:56.146513
33,17,2025-12-12 11:56:53.146513
6,90,2025-12-12 12:27:47.146513
28,65,2025-12-12 13:57:52.146513
19,50,2025-12-12 17:39:18.146513
36,10,2025-12-12 20:56:20.146513
42,11,2025-12-12 21:02:40.146513
23,87,2025-12-12 22:50:41.146513
49,16,2025-12-12 23:05:20.146513
38,56,2025-12-13 02:19:27.146513
4,69,2025-12-13 04:05:31.146513
37,54,2025-12-13 04:36:52.146513
19,54,2025-12-13 09:30:17.146513
42,97,2025-12-13 12:04:36.146513
28,62,2025-12-13 16:41:36.146513
36,75,2025-12-13 18:02:24.146513
17,89,2025-12-13 18:44:00.146513
45,24,2025-12-13 18:44:20.146513
41,18,2025-12-13 19:14:37.146513
50,2,2025-12-13 21:08:01.146513
28,30,2025-12-13 21:50:06.146513
28,21,2025-12-13 22:22:17.146513
33,38,2025-12-13 23:44:34.146513
12,58,2025-12-14 01:13:48.146513
21,92,2025-12-14 03:09:20.146513
18,85,2025-12-14 05:02:14.146513
25,12,2025-12-14 06:13:33.146513
7,40,2025-12-14 06:28:57.146513
8,66,2025-12-14 07:00:00.146513
20,39,2025-12-14 11:45:44.146513
7,84,2025-12-14 11:53:29.146513
6,86,2025-12-14 12:34:45.146513
33,78,2025-12-14 13:03:18.146513
7,1,2025-12-14 14:07:53.146513
14,79,2025-12-14 14:54:26.146513
37,60,2025-12-14 18:17:58.146513
43,43,2025-12-14 21:17:09.146513
31,74,2025-12-14 23:51:45.146513
48,86,2025-12-15 02:08:44.146513
41,24,2025-12-15 07:08:32.146513
29,93,2025-12-15 08:20:49.146513
45,10,2025-12-15 09:58:36.146513
48,100,2025-12-15 11:33:53.146513
33,69,2025-12-15 14:05:59.146513
32,62,2025-12-15 14:23:40.146513
15,92,2025-12-15 17:43:05.146513
50,59,2025-12-15 18:20:28.146513
10,18,2025-12-15 18:42:46.146513
35,100,2025-12-15 19:50:47.146513
26,68,2025-12-15 21:05:59.146513
44,42,2025-12-15 22:29:51.146513
35,43,2025-12-15 22:43:43.146513
30,73,2025-12-15 22:45:09.146513
41,50,2025-12-16 01:56:31.146513
4,9,2025-12-16 04:32:12.146513
50,77,2025-12-16 10:15:40.146513
20,31,2025-12-16 10:17:23.146513
29,11,2025-12-16 17:27:27.146513
33,12,2025-12-16 18:12:50.146513
4,98,2025-12-16 18:26:46.146513
13,48,2025-12-16 19:35:34.146513
21,93,2025-12-16 20:01:56.146513
9,27,2025-12-16 20:29:27.146513
22,100,2025-12-16 20:35:49.146513
16,57,2025-12-16 23:40:38.146513
48,82,2025-12-17 02:13:27.146513
37,99,2025-12-17 06:59:50.146513
48,44,2025-12-17 09:17:32.146513
32,56,2025-12-17 10:52:03.146513
10,93,2025-12-17 11:46:00.146513
27,46,2025-12-17 13:09:06.146513
14,48,2025-12-17 14:59:37.146513
46,94,2025-12-17 15:55:05.146513
13,94,2025-12-17 18:03:04.146513
22,74,2025-12-18 03:07:09.146513
11,35,2025-12-18 06:59:05.146513
9,62,2025-12-18 07:58:37.146513
21,13,2025-12-18 09:03:30.146513
38,68,2025-12-18 09:16:11.146513
1,11,2025-12-18 09:46:00.146513
47,55,2025-12-18 11:54:55.146513
49,34,2025-12-18 13:59:04.146513
7,74,2025-12-18 14:54:21.146513
28,24,2025-12-18 16:43:41.146513
27,78,2025-12-18 19:00:46.146513
34,35,2025-12-18 20:44:00.146513
35,55,2025-12-18 20:58:22.146513
29,28,2025-12-18 21:05:14.146513
21,7,2025-12-18 21:12:25.146513
14,69,2025-12-18 23:22:31.146513
4,59,2025-12-19 00:40:53.146513
12,1,2025-12-19 01:33:46.146513
27,36,2025-12-19 02:20:51.146513
32,69,2025-12-19 02:35:10.146513
46,64,2025-12-19 03:02:38.146513
35,33,2025-12-19 03:59:54.146513
21,80,2025-12-19 04:28:57.146513
9,53,2025-12-19 11:16:17.146513
3,32,2025-12-19 12:56:10.146513
22,99,2025-12-19 14:53:23.146513
8,57,2025-12-19 15:25:04.146513
13,21,2025-12-19 18:41:05.146513
11,98,2025-12-19 19:30:53.146513
30,26,2025-12-19 19:41:25.146513
13,6,2025-12-19 21:32:36.146513
11,50,2025-12-19 22:43:51.146513
40,78,2025-12-20 02:58:48.146513
14,83,2025-12-20 03:12:20.146513
12,31,2025-12-20 06:04:53.146513
16,67,2025-12-20 06:23:15.146513
35,6,2025-12-20 07:33:22.146513
23,9,2025-12-20 07:41:23.146513
4,47,2025-12-20 08:03:10.146513
40,91,2025-12-20 08:30:05.146513
45,45,2025-12-20 09:53:14.146513
7,97,2025-12-20 10:53:12.146513
34,18,2025-12-20 11:21:04.146513
39,31,2025-12-20 13:21:27.146513
23,22,2025-12-20 15:23:42.146513
11,19,2025-12-20 15:26:59.146513
37,19,2025-12-20 16:25:57.146513
7,71,2025-12-20 18:06:46.146513
4,98,2025-12-21 03:32:31.146513
46,36,2025-12-21 04:06:45.146513
10,83,2025-12-21 09:15:19.146513
14,11,2025-12-21 11:49:53.146513
22,69,2025-12-21 13:06:53.146513
11,58,2025-12-21 14:29:46.146513
10,29,2025-12-21 16:11:07.146513
9,58,2025-12-21 17:45:59.146513
30,56,2025-12-21 18:03:12.146513
3,16,2025-12-21 19:05:49.146513
12,43,2025-12-21 19:25:29.146513
39,6,2025-12-21 23:00:15.146513
27,31,2025-12-22 03:24:33.146513
34,35,2025-12-22 05:26:38.146513
33,37,2025-12-22 06:11:32.146513
38,86,2025-12-22 10:51:52.146513
13,18,2025-12-22 16:52:10.146513
33,2,2025-12-22 17:36:06.146513
36,96,2025-12-22 19:46:11.146513
18,61,2025-12-22 20:13:12.146513
45,97,2025-12-22 22:41:51.146513
25,26,2025-12-23 00:34:57.146513
48,100,2025-12-23 01:21:41.146513
13,47,2025-12-23 05:25:18.146513
17,87,2025-12-23 06:39:16.146513
12,73,2025-12-23 08:52:23.146513
16,56,2025-12-23 11:14:39.146513
21,13,2025-12-23 11:43:06.146513
45,100,2025-12-23 16:21:38.146513
22,90,2025-12-23 16:30:40.146513
14,88,2025-12-23 16:52:43.146513
30,43,2025-12-23 18:34:07.146513
14,55,2025-12-23 22:03:27.146513
3,90,2025-12-23 23:30:18.146513
13,30,2025-12-24 01:24:35.146513
44,66,2025-12-24 06:31:16.146513
37,38,2025-12-24 11:04:57.146513
41,38,2025-12-24 23:02:23.146513
44,48,2025-12-25 03:56:03.146513
37,97,2025-12-25 07:17:43.146513
15,71,2025-12-25 07:19:37.146513
5,3,2025-12-25 08:14:11.146513
29,50,2025-12-25 11:25:13.146513
31,13,2025-12-25 15:07:49.146513
42,4,2025-12-25 15:36:05.146513
47,82,2025-12-25 16:05:41.146513
22,36,2025-12-25 21:49:40.146513
19,16,2025-12-26 06:59:48.146513
42,6,2025-12-26 13:42:59.146513
12,27,2025-12-26 15:12:09.146513
34,44,2025-12-26 17:35:44.146513
29,92,2025-12-27 01:02:48.146513
4,28,2025-12-27 02:13:54.146513
27,32,2025-12-27 04:30:53.146513
40,86,2025-12-27 05:17:01.146513
16,48,2025-12-27 07:08:02.146513
26,6,2025-12-27 08:36:04.146513
6,100,2025-12-27 09:46:52.146513
1,63,2025-12-27 15:21:04.146513
16,80,2025-12-27 16:59:15.146513
11,8,2025-12-27 17:07:32.146513
22,37,2025-12-27 17:46:25.146513
23,41,2025-12-27 17:47:41.146513
17,64,2025-12-28 04:18:42.146513
36,43,2025-12-28 06:11:38.146513
49,2,2025-12-28 07:16:00.146513
23,30,2025-12-28 12:16:29.146513
38,10,2025-12-28 12:45:56.146513
43,69,2025-12-28 16:23:04.146513
45,77,2025-12-28 18:26:25.146513
34,55,2025-12-28 20:58:34.146513
24,62,2025-12-28 21:54:33.146513
1,78,2025-12-29 01:37:15.146513
14,27,2025-12-29 03:24:12.146513
18,50,2025-12-29 04:27:29.146513
5,26,2025-12-29 05:41:43.146513
30,68,2025-12-29 07:19:10.146513
8,31,2025-12-29 08:20:11.146513
43,12,2025-12-29 10:35:31.146513
4,22,2025-12-29 11:36:26.146513
37,53,2025-12-29 12:05:30.146513
6,67,2025-12-29 17:06:52.146513
16,84,2025-12-29 17:43:17.146513
20,86,2025-12-29 18:06:28.146513
2,7,2025-12-29 20:25:01.146513
48,89,2025-12-29 21:06:32.146513
35,29,2025-12-29 22:37:23.146513
42,10,2025-12-29 23:29:41.146513
16,57,2025-12-30 00:03:26.146513
25,38,2025-12-30 00:16:57.146513
36,33,2025-12-30 01:58:17.146513
48,78,2025-12-30 09:04:29.146513
13,57,2025-12-30 11:52:19.146513
50,6,2025-12-30 12:07:57.146513
22,28,2025-12-30 13:26:08.146513
12,70,2025-12-30 17:36:57.146513
27,2,2025-12-30 18:41:33.146513
36,77,2025-12-30 19:02:33.146513
38,95,2025-12-31 01:38:30.146513
11,6,2025-12-31 03:32:50.146513
22,95,2025-12-31 06:21:33.146513
39,45,2025-12-31 07:41:30.146513
1,67,2025-12-31 13:37:04.146513
5,58,2025-12-31 16:32:00.146513
33,8,2025-12-31 16:36:48.146513
21,39,2025-12-31 22:50:28.146513
48,11,2025-12-31 23:53:10.146513
15,80,2026-01-01 00:43:03.146513
16,62,2026-01-01 03:29:34.146513
39,4,2026-01-01 06:19:59.146513
50,9,2026-01-01 09:32:53.146513
23,6,2026-01-01 09:57:03.146513
2,72,2026-01-01 11:10:09.146513
32,68,2026-01-01 21:54:14.146513
19,47,2026-01-01 23:26:03.146513
10,6,2026-01-02 00:53:38.146513
50,41,2026-01-02 03:37:25.146513
7,5,2026-01-02 05:35:24.146513
22,25,2026-01-02 14:05:32.146513
1,19,2026-01-02 14:47:58.146513
15,55,2026-01-02 15:59:06.146513
12,2,2026-01-02 19:29:25.146513
1,9,2026-01-02 20:44:09.146513
4,73,2026-01-03 00:36:29.146513
43,53,2026-01-03 03:52:51.146513
6,64,2026-01-03 07:13:06.146513
24,64,2026-01-03 08:51:44.146513
26,46,2026-01-03 09:16:49.146513
32,100,2026-01-03 09:53:54.146513
48,14,2026-01-03 11:18:14.146513
30,42,2026-01-03 11:31:54.146513
19,47,2026-01-03 17:41:57.146513
15,7,2026-01-03 18:07:39.146513
46,84,2026-01-03 18:25:43.146513
11,72,2026-01-03 18:48:37.146513
33,42,2026-01-03 22:12:53.146513
20,87,2026-01-03 22:19:36.146513
34,99,2026-01-03 22:35:35.146513
38,67,2026-01-04 00:35:07.146513
26,6,2026-01-04 03:04:30.146513
26,61,2026-01-04 04:06:46.146513
30,21,2026-01-04 08:47:33.146513
47,55,2026-01-04 14:02:06.146513
34,68,2026-01-04 22:09:41.146513
21,100,2026-01-05 03:21:17.146513
11,18,2026-01-05 04:19:49.146513
2,37,2026-01-05 11:49:42.146513
13,99,2026-01-05 13:03:43.146513
39,57,2026-01-05 13:59:08.146513
33,57,2026-01-05 13:59:22.146513
49,82,2026-01-05 14:13:30.146513
12,29,2026-01-05 14:24:44.146513
48,90,2026-01-05 16:22:44.146513
2,32,2026-01-05 20:51:26.146513
